threshold,entropy_values,mean_entropy,median_entropy,q25_entropy,simulation_time
5,"[0.0, 0.0, 0.0, 0.0, 0.0, 0.0, 0.0, 0.0, 0.0, 0.0, 0.0]",0.0,0.0,0.0,1.7447988986968994
10,"[np.float64(7.015519804568489), np.float64(7.25606184641787), np.float64(7.406327802555098), np.float64(6.458871418770426), np.float64(6.082579997305053), np.float64(7.057724630901519), np.float64(6.890068195532648), np.float64(6.265878603043392), np.float64(6.948952243456387), np.float64(6.879833539896942), np.float64(6.435847372240164)]",6.790696859517089,6.890068195532648,6.447359395505295,2.225349187850952
15,"[np.float64(7.623553410556831), np.float64(7.433467314621687), np.float64(7.695971002361048), np.float64(7.343388707529596), np.float64(7.802198960700235), np.float64(7.235042013178363), np.float64(7.485718781768026), np.float64(7.334834517107419), np.float64(7.955490161600402), np.float64(7.729711664273592), np.float64(7.859467171372597)]",7.590803973188164,7.623553410556831,7.388428011075641,2.19425106048584
20,"[np.float64(7.750400551608881), np.float64(8.166913150086724), np.float64(7.995052586492935), np.float64(7.7801458718186725), np.float64(7.649261456750739), np.float64(7.362002283102239), np.float64(8.04273227799168), np.float64(7.5820334342815805), np.float64(7.679016014910143), np.float64(7.718762362268418), np.float64(7.043153039226046)]",7.706315729867097,7.718762362268418,7.61564744551616,2.127592086791992
25,"[np.float64(8.570304903219567), np.float64(8.057164616125874), np.float64(8.375495579317477), np.float64(7.812025093390197), np.float64(0.0), np.float64(8.249183823859454), np.float64(8.563492812180781), np.float64(7.902757932224984), np.float64(7.673466525995593), np.float64(8.326537677165186), np.float64(8.362686382564236)]",7.444828667822123,8.249183823859454,7.85739151280759,2.2049522399902344
30,"[np.float64(8.619450236274727), np.float64(0.0), np.float64(8.254780970092558), np.float64(8.527836857081242), np.float64(8.312980165972858), np.float64(8.279145977634576), np.float64(7.976301459021931), np.float64(8.317473586227717), np.float64(8.388753656081443), np.float64(8.827676781114823), np.float64(8.141633301174373)]",7.604184817334204,8.312980165972858,8.198207135633465,2.133017063140869
35,"[np.float64(8.519038522159438), np.float64(8.583301531286589), np.float64(8.536169267146386), np.float64(8.431631430922966), np.float64(8.699100185689892), np.float64(8.491070129826577), np.float64(8.92537410753898), np.float64(0.0), np.float64(9.011589225208976), np.float64(8.4125372445243), np.float64(8.816812691503337)]",7.856965848709768,8.536169267146386,8.461350780374772,2.1742477416992188
40,"[np.float64(8.875302203960128), np.float64(8.844986428850278), np.float64(8.69259619239523), np.float64(9.206388077073248), np.float64(8.686971725350267), np.float64(8.577485183474337), np.float64(8.383843249278785), np.float64(9.111973870143448), np.float64(8.901407854673257), np.float64(8.5999315223171), np.float64(8.478638576438785)]",8.75995680763226,8.69259619239523,8.588708352895718,2.15568208694458
45,"[np.float64(0.0), np.float64(9.221414112376273), np.float64(8.723172490170363), np.float64(8.977427154091242), np.float64(8.722167084097228), np.float64(9.233315778540364), np.float64(8.927307463278524), np.float64(8.832842450998738), np.float64(0.0), np.float64(8.831763912813518), np.float64(8.83392140153745)]",7.3003028952639735,8.832842450998738,8.722669787133796,2.0509591102600098
50,"[np.float64(9.393427586054043), np.float64(9.085098443139673), np.float64(8.764212379796696), np.float64(9.403229736169664), np.float64(9.046464220621392), np.float64(9.335020193362544), np.float64(9.290804713852546), np.float64(9.424385166307772), np.float64(8.69972766935784), np.float64(9.023500315614), np.float64(8.655173664813914)]",9.101913099008188,9.085098443139673,8.893856347705348,2.311321973800659
55,"[np.float64(9.364648481745125), np.float64(9.569050754852233), np.float64(9.279113961764619), np.float64(0.0), np.float64(9.23628919719865), np.float64(9.08629410593776), np.float64(8.939305798096864), np.float64(9.179894885094505), np.float64(9.169112814626672), np.float64(9.329246922216205), np.float64(8.993404411752424)]",8.37694193938955,9.179894885094505,9.039849258845091,2.2275118827819824
60,"[np.float64(9.238910426786278), np.float64(9.39381167805055), np.float64(9.426011286781504), np.float64(9.575937837420629), np.float64(9.433784805450607), np.float64(9.423579458734764), np.float64(9.317606793705059), np.float64(9.052357947049476), np.float64(9.247036108773607), np.float64(9.218032701907045), np.float64(8.998060630575898)]",9.302284515930493,9.317606793705059,9.228471564346663,2.1043171882629395
65,"[np.float64(9.797911452896006), np.float64(9.529270391270297), np.float64(0.0), np.float64(9.069031384861471), np.float64(9.601163857031693), np.float64(9.165358474928446), np.float64(9.250025223752523), np.float64(9.266855108368363), np.float64(9.412758018624947), np.float64(9.220392115611785), np.float64(8.790512621564968)]",8.463934422628228,9.250025223752523,9.117194929894959,2.163644790649414
70,"[np.float64(9.571932536311426), np.float64(9.741455505817031), np.float64(9.658985140499444), np.float64(9.37069122751478), np.float64(9.79385380898083), np.float64(9.447599018949557), np.float64(9.332339339690764), np.float64(9.491181842950683), np.float64(9.080867437195582), np.float64(9.286828783125957), np.float64(9.041458775893192)]",9.437926674266295,9.447599018949557,9.30958406140836,2.172572135925293
75,"[np.float64(9.840061183414734), np.float64(9.41738621945049), np.float64(9.61076679530338), np.float64(9.890269085482153), np.float64(9.326902950515903), np.float64(9.393848683817676), np.float64(9.39888529168967), np.float64(0.0), np.float64(9.16108506664052), np.float64(9.050425433076802), np.float64(8.866998952625597)]",8.541511787456084,9.393848683817676,9.10575524985866,2.211106061935425
80,"[np.float64(9.675930536027195), np.float64(9.770571844988348), np.float64(9.725758868411294), np.float64(9.511861548785626), np.float64(9.443155399316662), np.float64(9.685628287841476), np.float64(9.380765812840936), np.float64(9.248446550895624), np.float64(9.235651795009302), np.float64(9.459202673866523), np.float64(8.703408212388041)]",9.440034684579187,9.459202673866523,9.31460618186828,2.0252878665924072
85,"[np.float64(9.810122516791663), np.float64(9.814571055257943), np.float64(9.689933526118933), np.float64(9.678844287410628), np.float64(0.0), np.float64(9.567737736691901), np.float64(0.0), np.float64(9.187893583868012), np.float64(8.970649646644796), np.float64(8.747682175646418), np.float64(8.813614893980873)]",7.661913583855561,9.187893583868012,8.780648534813645,2.1247730255126953
90,"[np.float64(9.96681001422732), np.float64(9.858110747513768), np.float64(9.4488655514063), np.float64(9.885107729375907), np.float64(9.434240750720072), np.float64(0.0), np.float64(8.80083522286588), np.float64(8.324352685662003), np.float64(9.154383252416444), np.float64(9.327662193161895), np.float64(8.62136882325948)]",8.438339724600825,9.327662193161895,8.71110202306268,2.022017002105713
95,"[np.float64(9.807693231095625), np.float64(9.74678512873958), np.float64(9.651085771900885), np.float64(9.507279050137388), np.float64(9.515850493882796), np.float64(9.612107309715167), np.float64(8.960476283624994), np.float64(8.952454160542697), np.float64(8.931607594657864), np.float64(9.044418745516435), np.float64(8.921858041002242)]",9.331965073710517,9.507279050137388,8.956465222083846,2.1986911296844482
100,"[np.float64(9.928162549362437), np.float64(9.863570478297728), np.float64(9.499333299964738), np.float64(9.596383560588817), np.float64(9.237036367484176), np.float64(9.058942722220248), np.float64(8.915648829494936), np.float64(8.98153456480791), np.float64(9.194779531009319), np.float64(7.7731824954377755), np.float64(8.239266363298297)]",9.117076432906035,9.194779531009319,8.948591697151423,2.1018991470336914
